event_starttime,event_peaktime,event_endtime,fl_goescls,ar_noaanum,cls,clx,date
2024-01-01 01:34:00,2024-01-01 01:38:00,2024-01-01 01:42:00,C4.1,0,C,C,2024-01-01
2024-01-01 07:51:00,2024-01-01 08:06:00,2024-01-01 08:20:00,C4.7,0,C,C,2024-01-01
2024-01-01 08:33:00,2024-01-01 08:54:00,2024-01-01 09:04:00,M2.3,0,M,M,2024-01-01
2024-01-01 10:15:00,2024-01-01 10:20:00,2024-01-01 10:25:00,C1.9,0,C,C,2024-01-01
2024-01-01 11:54:00,2024-01-01 12:25:00,2024-01-01 12:35:00,M4.7,0,M,M,2024-01-01
2024-01-01 16:17:00,2024-01-01 16:28:00,2024-01-01 16:46:00,C2.6,0,C,C,2024-01-01
2024-01-01 16:47:00,2024-01-01 17:04:00,2024-01-01 17:16:00,C5.7,0,C,C,2024-01-01
2024-01-01 18:30:00,2024-01-01 18:41:00,2024-01-01 18:53:00,C1.3,0,C,C,2024-01-01
2024-01-02 00:41:00,2024-01-02 00:49:00,2024-01-02 01:14:00,C1.5,0,C,C,2024-01-02
2024-01-02 04:31:00,2024-01-02 04:37:00,2024-01-02 04:45:00,C1.5,0,C,C,2024-01-02
2024-01-02 05:51:00,2024-01-02 06:06:00,2024-01-02 06:36:00,C1.4,13536,C,C,2024-01-02
2024-01-02 06:38:00,2024-01-02 06:51:00,2024-01-02 07:01:00,C2.0,0,C,C,2024-01-02
2024-01-02 07:10:00,2024-01-02 07:15:00,2024-01-02 07:19:00,C2.0,0,C,C,2024-01-02
2024-01-02 09:21:00,2024-01-02 09:32:00,2024-01-02 09:38:00,C2.8,13536,C,C,2024-01-02
2024-01-02 09:48:00,2024-01-02 09:52:00,2024-01-02 09:56:00,C2.5,0,C,C,2024-01-02
2024-01-02 10:22:00,2024-01-02 10:30:00,2024-01-02 10:36:00,C1.2,0,C,C,2024-01-02
2024-01-02 13:42:00,2024-01-02 13:45:00,2024-01-02 13:49:00,C1.2,0,C,C,2024-01-02
2024-01-03 02:54:00,2024-01-03 02:59:00,2024-01-03 03:05:00,C1.2,0,C,C,2024-01-03
2024-01-03 10:00:00,2024-01-03 10:10:00,2024-01-03 10:14:00,C1.8,0,C,C,2024-01-03
2024-01-03 10:14:00,2024-01-03 10:18:00,2024-01-03 10:24:00,C3.0,0,C,C,2024-01-03
2024-01-03 13:29:00,2024-01-03 13:34:00,2024-01-03 13:44:00,C1.3,0,C,C,2024-01-03
2024-01-03 14:42:00,2024-01-03 14:57:00,2024-01-03 15:15:00,C1.8,0,C,C,2024-01-03
2024-01-03 16:13:00,2024-01-03 16:21:00,2024-01-03 16:28:00,C1.3,0,C,C,2024-01-03
2024-01-03 16:49:00,2024-01-03 16:56:00,2024-01-03 17:08:00,C1.5,0,C,C,2024-01-03
2024-01-04 00:13:00,2024-01-04 00:25:00,2024-01-04 00:51:00,C2.1,0,C,C,2024-01-04
2024-01-04 01:08:00,2024-01-04 01:16:00,2024-01-04 01:22:00,M1.1,0,M,M,2024-01-04
2024-01-04 01:22:00,2024-01-04 01:55:00,2024-01-04 02:12:00,M3.8,0,M,M,2024-01-04
2024-01-04 07:19:00,2024-01-04 07:28:00,2024-01-04 07:48:00,C1.5,0,C,C,2024-01-04
2024-01-04 08:55:00,2024-01-04 09:06:00,2024-01-04 09:16:00,C1.7,0,C,C,2024-01-04
2024-01-04 09:16:00,2024-01-04 09:36:00,2024-01-04 09:42:00,C3.0,0,C,C,2024-01-04
2024-01-04 10:20:00,2024-01-04 10:30:00,2024-01-04 10:35:00,C2.2,0,C,C,2024-01-04
2024-01-04 17:20:00,2024-01-04 17:31:00,2024-01-04 17:39:00,C3.3,0,C,C,2024-01-04
2024-01-05 00:23:00,2024-01-05 00:30:00,2024-01-05 00:32:00,C1.9,0,C,C,2024-01-05
2024-01-05 00:32:00,2024-01-05 00:52:00,2024-01-05 01:08:00,C3.2,0,C,C,2024-01-05
2024-01-05 02:43:00,2024-01-05 02:51:00,2024-01-05 02:56:00,C1.7,0,C,C,2024-01-05
2024-01-05 04:18:00,2024-01-05 04:25:00,2024-01-05 04:30:00,C1.6,0,C,C,2024-01-05
2024-01-05 07:55:00,2024-01-05 08:09:00,2024-01-05 08:19:00,C3.7,13534,C,C,2024-01-05
2024-01-05 12:49:00,2024-01-05 12:56:00,2024-01-05 13:00:00,C1.4,0,C,C,2024-01-05
2024-01-06 00:41:00,2024-01-06 00:52:00,2024-01-06 01:00:00,C1.7,0,C,C,2024-01-06
2024-01-06 04:31:00,2024-01-06 04:50:00,2024-01-06 05:02:00,C5.2,0,C,C,2024-01-06
2024-01-06 05:28:00,2024-01-06 05:37:00,2024-01-06 05:41:00,C3.3,0,C,C,2024-01-06
2024-01-06 05:41:00,2024-01-06 05:47:00,2024-01-06 05:53:00,C3.8,0,C,C,2024-01-06
2024-01-06 05:53:00,2024-01-06 05:59:00,2024-01-06 06:04:00,C4.1,0,C,C,2024-01-06
2024-01-06 07:42:00,2024-01-06 07:47:00,2024-01-06 07:52:00,C2.9,0,C,C,2024-01-06
2024-01-06 08:17:00,2024-01-06 08:25:00,2024-01-06 08:31:00,C3.0,0,C,C,2024-01-06
2024-01-06 10:53:00,2024-01-06 10:58:00,2024-01-06 11:02:00,C2.1,0,C,C,2024-01-06
2024-01-06 11:38:00,2024-01-06 11:44:00,2024-01-06 11:54:00,C2.5,0,C,C,2024-01-06
2024-01-06 15:27:00,2024-01-06 15:35:00,2024-01-06 15:40:00,C7.1,0,C,C,2024-01-06
2024-01-06 16:26:00,2024-01-06 16:33:00,2024-01-06 16:40:00,C2.3,0,C,C,2024-01-06
2024-01-06 17:13:00,2024-01-06 17:21:00,2024-01-06 17:25:00,C2.1,0,C,C,2024-01-06
2024-01-06 18:26:00,2024-01-06 18:40:00,2024-01-06 18:43:00,C3.4,13538,C,C,2024-01-06
2024-01-06 18:43:00,2024-01-06 18:50:00,2024-01-06 18:57:00,C4.3,13538,C,C,2024-01-06
2024-01-06 19:27:00,2024-01-06 19:36:00,2024-01-06 19:40:00,C4.5,0,C,C,2024-01-06
2024-01-06 20:02:00,2024-01-06 20:06:00,2024-01-06 20:12:00,C2.6,0,C,C,2024-01-06
2024-01-07 01:52:00,2024-01-07 02:22:00,2024-01-07 02:24:00,C2.3,0,C,C,2024-01-07
2024-01-07 02:24:00,2024-01-07 02:29:00,2024-01-07 02:37:00,C2.3,0,C,C,2024-01-07
2024-01-07 04:11:00,2024-01-07 04:18:00,2024-01-07 04:24:00,C1.6,13540,C,C,2024-01-07
2024-01-07 05:17:00,2024-01-07 05:29:00,2024-01-07 05:41:00,C2.7,13536,C,C,2024-01-07
2024-01-07 05:57:00,2024-01-07 06:05:00,2024-01-07 06:25:00,C2.4,13536,C,C,2024-01-07
2024-01-07 06:27:00,2024-01-07 06:36:00,2024-01-07 06:44:00,C3.1,0,C,C,2024-01-07
2024-01-07 07:31:00,2024-01-07 07:48:00,2024-01-07 07:52:00,C5.6,0,C,C,2024-01-07
2024-01-07 07:52:00,2024-01-07 07:56:00,2024-01-07 08:00:00,C6.3,13536,C,C,2024-01-07
2024-01-07 08:26:00,2024-01-07 08:33:00,2024-01-07 08:42:00,C3.2,13536,C,C,2024-01-07
2024-01-07 09:58:00,2024-01-07 10:05:00,2024-01-07 10:09:00,C2.2,0,C,C,2024-01-07
2024-01-07 10:09:00,2024-01-07 10:16:00,2024-01-07 10:30:00,C3.0,0,C,C,2024-01-07
2024-01-07 10:44:00,2024-01-07 10:51:00,2024-01-07 10:56:00,C2.9,0,C,C,2024-01-07
2024-01-07 13:29:00,2024-01-07 13:42:00,2024-01-07 13:55:00,C4.2,0,C,C,2024-01-07
2024-01-07 15:16:00,2024-01-07 15:20:00,2024-01-07 15:30:00,C1.7,0,C,C,2024-01-07
2024-01-07 17:41:00,2024-01-07 17:44:00,2024-01-07 17:49:00,C3.8,0,C,C,2024-01-07
2024-01-08 02:48:00,2024-01-08 02:52:00,2024-01-08 02:59:00,C2.4,0,C,C,2024-01-08
2024-01-08 08:00:00,2024-01-08 08:07:00,2024-01-08 08:13:00,C1.7,0,C,C,2024-01-08
2024-01-08 08:13:00,2024-01-08 08:24:00,2024-01-08 08:38:00,C2.8,0,C,C,2024-01-08
2024-01-08 09:46:00,2024-01-08 09:59:00,2024-01-08 10:15:00,C7.3,0,C,C,2024-01-08
2024-01-09 02:43:00,2024-01-09 02:49:00,2024-01-09 02:55:00,C1.9,0,C,C,2024-01-09
2024-01-09 04:01:00,2024-01-09 04:11:00,2024-01-09 04:14:00,C3.1,0,C,C,2024-01-09
2024-01-09 08:36:00,2024-01-09 08:50:00,2024-01-09 08:59:00,C2.5,0,C,C,2024-01-09
2024-01-09 11:07:00,2024-01-09 11:23:00,2024-01-09 11:34:00,C3.8,0,C,C,2024-01-09
2024-01-09 14:46:00,2024-01-09 14:54:00,2024-01-09 14:57:00,C1.9,0,C,C,2024-01-09
2024-01-09 14:57:00,2024-01-09 15:03:00,2024-01-09 15:07:00,C1.9,0,C,C,2024-01-09
2024-01-09 17:02:00,2024-01-09 17:10:00,2024-01-09 17:19:00,C2.7,0,C,C,2024-01-09
2024-01-09 19:00:00,2024-01-09 19:05:00,2024-01-09 19:13:00,C1.8,0,C,C,2024-01-09
2024-01-09 19:32:00,2024-01-09 19:36:00,2024-01-09 19:43:00,C3.9,0,C,C,2024-01-09
2024-01-10 02:02:00,2024-01-10 02:12:00,2024-01-10 02:30:00,C3.3,0,C,C,2024-01-10
2024-01-10 02:40:00,2024-01-10 02:46:00,2024-01-10 02:50:00,C3.2,0,C,C,2024-01-10
2024-01-10 03:07:00,2024-01-10 03:16:00,2024-01-10 03:18:00,C5.4,0,C,C,2024-01-10
2024-01-10 03:18:00,2024-01-10 03:25:00,2024-01-10 03:29:00,C9.6,0,C,C,2024-01-10
2024-01-10 04:29:00,2024-01-10 04:33:00,2024-01-10 04:37:00,C7.0,0,C,C,2024-01-10
2024-01-10 05:33:00,2024-01-10 05:45:00,2024-01-10 06:02:00,C7.0,0,C,C,2024-01-10
2024-01-10 06:48:00,2024-01-10 06:56:00,2024-01-10 07:03:00,C6.6,0,C,C,2024-01-10
2024-01-10 08:56:00,2024-01-10 09:03:00,2024-01-10 09:23:00,C3.5,0,C,C,2024-01-10
2024-01-10 09:59:00,2024-01-10 10:06:00,2024-01-10 10:10:00,C5.2,0,C,C,2024-01-10
2024-01-10 12:39:00,2024-01-10 12:55:00,2024-01-10 13:05:00,M1.4,0,M,M,2024-01-10
2024-01-10 14:12:00,2024-01-10 14:27:00,2024-01-10 14:41:00,C4.5,0,C,C,2024-01-10
2024-01-10 15:10:00,2024-01-10 15:15:00,2024-01-10 15:20:00,C4.0,0,C,C,2024-01-10
2024-01-11 01:08:00,2024-01-11 01:12:00,2024-01-11 01:18:00,C5.2,0,C,C,2024-01-11
2024-01-11 03:39:00,2024-01-11 03:43:00,2024-01-11 03:48:00,C4.6,0,C,C,2024-01-11
2024-01-11 04:06:00,2024-01-11 04:15:00,2024-01-11 04:22:00,C3.1,0,C,C,2024-01-11
2024-01-11 06:15:00,2024-01-11 06:19:00,2024-01-11 06:26:00,C7.8,13539,C,C,2024-01-11
2024-01-11 08:07:00,2024-01-11 08:20:00,2024-01-11 08:42:00,C4.1,0,C,C,2024-01-11
2024-01-11 08:54:00,2024-01-11 09:01:00,2024-01-11 09:10:00,C6.4,0,C,C,2024-01-11
2024-01-11 10:02:00,2024-01-11 10:09:00,2024-01-11 10:14:00,C3.0,0,C,C,2024-01-11
2024-01-11 10:31:00,2024-01-11 10:42:00,2024-01-11 10:50:00,C3.9,0,C,C,2024-01-11
2024-01-11 11:24:00,2024-01-11 11:34:00,2024-01-11 11:39:00,C4.2,0,C,C,2024-01-11
2024-01-11 11:58:00,2024-01-11 12:09:00,2024-01-11 12:25:00,C9.4,0,C,C,2024-01-11
2024-01-11 12:44:00,2024-01-11 12:51:00,2024-01-11 12:55:00,M1.3,0,M,M,2024-01-11
2024-01-11 15:59:00,2024-01-11 16:11:00,2024-01-11 16:18:00,C3.6,0,C,C,2024-01-11
2024-01-11 16:18:00,2024-01-11 16:32:00,2024-01-11 16:43:00,C6.4,0,C,C,2024-01-11
2024-01-11 16:43:00,2024-01-11 16:46:00,2024-01-11 16:50:00,C8.3,0,C,C,2024-01-11
2024-01-11 17:49:00,2024-01-11 17:52:00,2024-01-11 17:59:00,M1.5,0,M,M,2024-01-11
2024-01-11 18:57:00,2024-01-11 19:04:00,2024-01-11 19:08:00,C3.3,0,C,C,2024-01-11
2024-01-12 02:55:00,2024-01-12 02:58:00,2024-01-12 03:02:00,M1.0,13547,M,M,2024-01-12
2024-01-12 04:10:00,2024-01-12 04:15:00,2024-01-12 04:19:00,C6.0,0,C,C,2024-01-12
2024-01-12 06:08:00,2024-01-12 06:15:00,2024-01-12 06:22:00,C3.8,0,C,C,2024-01-12
2024-01-12 06:23:00,2024-01-12 06:28:00,2024-01-12 06:33:00,C4.4,0,C,C,2024-01-12
2024-01-12 08:14:00,2024-01-12 08:20:00,2024-01-12 08:24:00,C3.7,0,C,C,2024-01-12
2024-01-12 09:59:00,2024-01-12 10:06:00,2024-01-12 10:11:00,C5.9,0,C,C,2024-01-12
2024-01-12 11:03:00,2024-01-12 11:15:00,2024-01-12 11:36:00,C3.9,13541,C,C,2024-01-12
2024-01-12 11:36:00,2024-01-12 11:42:00,2024-01-12 11:51:00,C3.8,0,C,C,2024-01-12
2024-01-12 15:32:00,2024-01-12 15:38:00,2024-01-12 15:53:00,C3.2,0,C,C,2024-01-12
2024-01-13 04:14:00,2024-01-13 04:21:00,2024-01-13 04:25:00,C2.7,0,C,C,2024-01-13
2024-01-14 00:12:00,2024-01-14 00:22:00,2024-01-14 00:29:00,C4.2,0,C,C,2024-01-14
2024-01-14 01:35:00,2024-01-14 01:38:00,2024-01-14 01:42:00,C2.0,0,C,C,2024-01-14
2024-01-14 02:49:00,2024-01-14 02:56:00,2024-01-14 03:08:00,C2.0,0,C,C,2024-01-14
2024-01-14 04:25:00,2024-01-14 04:34:00,2024-01-14 05:03:00,C1.9,0,C,C,2024-01-14
2024-01-14 06:58:00,2024-01-14 07:19:00,2024-01-14 07:27:00,C2.6,0,C,C,2024-01-14
2024-01-14 07:27:00,2024-01-14 07:30:00,2024-01-14 07:35:00,C2.8,0,C,C,2024-01-14
2024-01-14 11:09:00,2024-01-14 11:19:00,2024-01-14 11:30:00,C2.7,0,C,C,2024-01-14
2024-01-14 11:30:00,2024-01-14 12:06:00,2024-01-14 12:26:00,C9.6,0,C,C,2024-01-14
2024-01-14 13:00:00,2024-01-14 13:08:00,2024-01-14 13:16:00,C7.2,0,C,C,2024-01-14
2024-01-14 16:54:00,2024-01-14 17:01:00,2024-01-14 17:07:00,C5.8,0,C,C,2024-01-14
2024-01-15 02:17:00,2024-01-15 02:26:00,2024-01-15 02:31:00,C2.1,0,C,C,2024-01-15
2024-01-15 05:19:00,2024-01-15 05:23:00,2024-01-15 05:28:00,C1.6,0,C,C,2024-01-15
2024-01-15 08:53:00,2024-01-15 09:00:00,2024-01-15 09:11:00,C1.7,0,C,C,2024-01-15
2024-01-15 13:54:00,2024-01-15 14:05:00,2024-01-15 14:11:00,C2.8,0,C,C,2024-01-15
2024-01-15 18:39:00,2024-01-15 18:44:00,2024-01-15 18:51:00,C2.0,0,C,C,2024-01-15
2024-01-15 19:24:00,2024-01-15 19:33:00,2024-01-15 19:57:00,C1.9,0,C,C,2024-01-15
2024-01-16 03:21:00,2024-01-16 03:30:00,2024-01-16 03:40:00,C2.4,0,C,C,2024-01-16
2024-01-16 08:04:00,2024-01-16 08:09:00,2024-01-16 08:14:00,C1.5,0,C,C,2024-01-16
2024-01-17 07:17:00,2024-01-17 07:24:00,2024-01-17 07:28:00,C2.6,0,C,C,2024-01-17
2024-01-17 13:47:00,2024-01-17 13:56:00,2024-01-17 14:04:00,C2.3,0,C,C,2024-01-17
2024-01-17 16:57:00,2024-01-17 17:08:00,2024-01-17 17:22:00,C2.4,0,C,C,2024-01-17
2024-01-18 03:35:00,2024-01-18 03:46:00,2024-01-18 03:55:00,C2.7,0,C,C,2024-01-18
2024-01-18 03:59:00,2024-01-18 04:08:00,2024-01-18 04:17:00,C5.4,0,C,C,2024-01-18
2024-01-18 05:04:00,2024-01-18 05:18:00,2024-01-18 05:27:00,C2.5,0,C,C,2024-01-18
2024-01-18 10:05:00,2024-01-18 10:14:00,2024-01-18 10:28:00,C3.0,0,C,C,2024-01-18
2024-01-18 14:42:00,2024-01-18 14:49:00,2024-01-18 14:59:00,C1.6,0,C,C,2024-01-18
2024-01-19 01:46:00,2024-01-19 01:53:00,2024-01-19 01:58:00,C1.8,0,C,C,2024-01-19
2024-01-20 02:51:00,2024-01-20 02:58:00,2024-01-20 03:02:00,C1.7,0,C,C,2024-01-20
2024-01-20 08:35:00,2024-01-20 09:34:00,2024-01-20 10:32:00,C3.5,0,C,C,2024-01-20
2024-01-20 12:49:00,2024-01-20 12:53:00,2024-01-20 12:57:00,C1.7,0,C,C,2024-01-20
2024-01-20 13:49:00,2024-01-20 13:58:00,2024-01-20 14:05:00,C1.7,0,C,C,2024-01-20
2024-01-20 14:21:00,2024-01-20 14:34:00,2024-01-20 14:43:00,C5.2,0,C,C,2024-01-20
2024-01-20 18:17:00,2024-01-20 18:26:00,2024-01-20 18:34:00,C1.5,0,C,C,2024-01-20
2024-01-21 00:03:00,2024-01-21 00:27:00,2024-01-21 00:35:00,C4.0,0,C,C,2024-01-21
2024-01-21 00:35:00,2024-01-21 00:41:00,2024-01-21 00:55:00,C5.3,0,C,C,2024-01-21
2024-01-21 01:57:00,2024-01-21 02:02:00,2024-01-21 02:11:00,C6.3,13559,C,C,2024-01-21
2024-01-21 07:39:00,2024-01-21 07:44:00,2024-01-21 07:48:00,C2.2,0,C,C,2024-01-21
2024-01-21 08:34:00,2024-01-21 08:40:00,2024-01-21 08:46:00,C2.0,0,C,C,2024-01-21
2024-01-21 11:33:00,2024-01-21 11:37:00,2024-01-21 11:44:00,C2.5,0,C,C,2024-01-21
2024-01-21 15:22:00,2024-01-21 15:25:00,2024-01-21 15:29:00,C2.2,0,C,C,2024-01-21
2024-01-21 16:12:00,2024-01-21 16:23:00,2024-01-21 16:36:00,C2.9,0,C,C,2024-01-21
2024-01-21 16:56:00,2024-01-21 17:02:00,2024-01-21 17:12:00,C2.8,0,C,C,2024-01-21
2024-01-21 17:25:00,2024-01-21 17:34:00,2024-01-21 17:45:00,C3.9,0,C,C,2024-01-21
2024-01-21 18:23:00,2024-01-21 18:38:00,2024-01-21 18:55:00,C5.8,0,C,C,2024-01-21
2024-01-21 19:27:00,2024-01-21 19:35:00,2024-01-21 19:44:00,C6.7,0,C,C,2024-01-21
2024-01-22 00:26:00,2024-01-22 00:32:00,2024-01-22 00:48:00,C2.9,0,C,C,2024-01-22
2024-01-22 01:34:00,2024-01-22 01:47:00,2024-01-22 02:17:00,C6.5,0,C,C,2024-01-22
2024-01-22 03:59:00,2024-01-22 04:14:00,2024-01-22 04:30:00,C5.3,0,C,C,2024-01-22
2024-01-22 06:09:00,2024-01-22 06:22:00,2024-01-22 06:30:00,M1.5,0,M,M,2024-01-22
2024-01-22 07:17:00,2024-01-22 07:28:00,2024-01-22 07:37:00,C5.2,0,C,C,2024-01-22
2024-01-22 08:17:00,2024-01-22 08:25:00,2024-01-22 08:33:00,C5.8,0,C,C,2024-01-22
2024-01-22 11:12:00,2024-01-22 11:27:00,2024-01-22 11:44:00,C7.0,13559,C,C,2024-01-22
2024-01-22 16:28:00,2024-01-22 16:49:00,2024-01-22 16:59:00,C7.0,0,C,C,2024-01-22
2024-01-22 19:28:00,2024-01-22 19:32:00,2024-01-22 19:36:00,M1.2,0,M,M,2024-01-22
2024-01-22 19:43:00,2024-01-22 19:47:00,2024-01-22 19:53:00,M2.0,0,M,M,2024-01-22
2024-01-23 00:12:00,2024-01-23 00:15:00,2024-01-23 00:23:00,C8.9,0,C,C,2024-01-23
2024-01-23 02:55:00,2024-01-23 03:02:00,2024-01-23 03:09:00,C5.4,0,C,C,2024-01-23
2024-01-23 03:09:00,2024-01-23 03:31:00,2024-01-23 03:38:00,M5.1,0,M,M,2024-01-23
2024-01-23 04:34:00,2024-01-23 04:41:00,2024-01-23 04:48:00,C3.6,0,C,C,2024-01-23
2024-01-23 06:31:00,2024-01-23 06:40:00,2024-01-23 06:45:00,C7.0,0,C,C,2024-01-23
2024-01-23 06:45:00,2024-01-23 07:00:00,2024-01-23 07:14:00,C9.6,0,C,C,2024-01-23
2024-01-23 07:52:00,2024-01-23 08:11:00,2024-01-23 08:18:00,M2.4,0,M,M,2024-01-23
2024-01-23 08:18:00,2024-01-23 08:22:00,2024-01-23 08:26:00,M2.3,0,M,M,2024-01-23
2024-01-23 09:17:00,2024-01-23 09:30:00,2024-01-23 09:36:00,C6.2,0,C,C,2024-01-23
2024-01-23 09:59:00,2024-01-23 10:04:00,2024-01-23 10:08:00,C3.7,0,C,C,2024-01-23
2024-01-23 11:00:00,2024-01-23 11:07:00,2024-01-23 11:26:00,C3.6,0,C,C,2024-01-23
2024-01-23 11:52:00,2024-01-23 12:01:00,2024-01-23 12:12:00,C2.6,0,C,C,2024-01-23
2024-01-23 13:03:00,2024-01-23 13:08:00,2024-01-23 13:13:00,M1.0,0,M,M,2024-01-23
2024-01-23 14:27:00,2024-01-23 14:38:00,2024-01-23 14:45:00,C9.5,0,C,C,2024-01-23
2024-01-23 14:45:00,2024-01-23 14:59:00,2024-01-23 15:05:00,M1.3,0,M,M,2024-01-23
2024-01-23 16:14:00,2024-01-23 16:33:00,2024-01-23 16:36:00,C7.6,0,C,C,2024-01-23
2024-01-23 16:36:00,2024-01-23 16:40:00,2024-01-23 16:47:00,M4.3,0,M,M,2024-01-23
2024-01-23 17:32:00,2024-01-23 17:39:00,2024-01-23 17:52:00,C7.3,0,C,C,2024-01-23
2024-01-23 18:35:00,2024-01-23 18:44:00,2024-01-23 18:49:00,M1.1,0,M,M,2024-01-23
2024-01-24 00:21:00,2024-01-24 00:38:00,2024-01-24 00:43:00,M1.0,0,M,M,2024-01-24
2024-01-24 00:43:00,2024-01-24 00:50:00,2024-01-24 00:55:00,C9.0,0,C,C,2024-01-24
2024-01-24 01:31:00,2024-01-24 01:40:00,2024-01-24 01:53:00,M2.6,0,M,M,2024-01-24
2024-01-24 04:28:00,2024-01-24 04:37:00,2024-01-24 04:41:00,C3.9,0,C,C,2024-01-24
2024-01-24 04:42:00,2024-01-24 04:49:00,2024-01-24 04:57:00,C3.7,0,C,C,2024-01-24
2024-01-24 05:18:00,2024-01-24 05:43:00,2024-01-24 06:00:00,M1.4,0,M,M,2024-01-24
2024-01-24 06:29:00,2024-01-24 06:45:00,2024-01-24 07:02:00,C6.1,0,C,C,2024-01-24
2024-01-24 08:55:00,2024-01-24 09:06:00,2024-01-24 09:12:00,C3.7,0,C,C,2024-01-24
2024-01-24 10:03:00,2024-01-24 10:18:00,2024-01-24 10:29:00,C4.4,0,C,C,2024-01-24
2024-01-24 10:29:00,2024-01-24 10:34:00,2024-01-24 10:38:00,C4.2,0,C,C,2024-01-24
2024-01-24 12:09:00,2024-01-24 12:23:00,2024-01-24 12:37:00,C5.9,0,C,C,2024-01-24
2024-01-24 12:44:00,2024-01-24 12:57:00,2024-01-24 13:14:00,C6.8,0,C,C,2024-01-24
2024-01-24 15:51:00,2024-01-24 15:58:00,2024-01-24 16:04:00,C2.4,0,C,C,2024-01-24
2024-01-25 03:02:00,2024-01-25 03:10:00,2024-01-25 03:16:00,C2.0,0,C,C,2024-01-25
2024-01-25 06:20:00,2024-01-25 06:29:00,2024-01-25 06:45:00,C1.5,0,C,C,2024-01-25
2024-01-25 09:33:00,2024-01-25 09:38:00,2024-01-25 09:44:00,C2.3,0,C,C,2024-01-25
2024-01-25 10:41:00,2024-01-25 10:54:00,2024-01-25 11:11:00,C3.4,0,C,C,2024-01-25
2024-01-25 13:52:00,2024-01-25 14:10:00,2024-01-25 14:22:00,C4.2,0,C,C,2024-01-25
2024-01-25 14:54:00,2024-01-25 15:08:00,2024-01-25 15:17:00,C5.1,0,C,C,2024-01-25
2024-01-25 15:17:00,2024-01-25 15:22:00,2024-01-25 15:26:00,C5.5,0,C,C,2024-01-25
2024-01-26 00:23:00,2024-01-26 00:33:00,2024-01-26 00:42:00,C9.0,0,C,C,2024-01-26
2024-01-26 03:27:00,2024-01-26 03:31:00,2024-01-26 03:36:00,C1.8,0,C,C,2024-01-26
2024-01-26 04:50:00,2024-01-26 04:59:00,2024-01-26 05:08:00,C9.0,0,C,C,2024-01-26
2024-01-26 17:03:00,2024-01-26 17:11:00,2024-01-26 17:15:00,C2.3,0,C,C,2024-01-26
2024-01-26 18:11:00,2024-01-26 18:18:00,2024-01-26 18:25:00,C2.0,0,C,C,2024-01-26
2024-01-27 09:30:00,2024-01-27 09:41:00,2024-01-27 09:51:00,C2.0,0,C,C,2024-01-27
2024-01-27 10:28:00,2024-01-27 10:39:00,2024-01-27 10:47:00,C2.9,0,C,C,2024-01-27
2024-01-28 09:36:00,2024-01-28 10:17:00,2024-01-28 10:38:00,C3.3,0,C,C,2024-01-28
2024-01-28 12:37:00,2024-01-28 12:46:00,2024-01-28 12:55:00,C2.8,0,C,C,2024-01-28
2024-01-28 15:18:00,2024-01-28 15:29:00,2024-01-28 15:38:00,C3.2,0,C,C,2024-01-28
2024-01-28 15:52:00,2024-01-28 16:00:00,2024-01-28 16:22:00,C3.0,0,C,C,2024-01-28
2024-01-29 00:43:00,2024-01-29 00:51:00,2024-01-29 00:59:00,C5.2,0,C,C,2024-01-29
2024-01-29 01:29:00,2024-01-29 01:40:00,2024-01-29 01:52:00,M1.2,0,M,M,2024-01-29
2024-01-29 03:41:00,2024-01-29 03:51:00,2024-01-29 03:54:00,C2.5,0,C,C,2024-01-29
2024-01-29 03:54:00,2024-01-29 04:38:00,2024-01-29 05:15:00,M6.7,0,M,M,2024-01-29
2024-01-29 10:10:00,2024-01-29 10:18:00,2024-01-29 10:23:00,C5.4,0,C,C,2024-01-29
2024-01-29 10:34:00,2024-01-29 10:37:00,2024-01-29 10:41:00,C5.1,0,C,C,2024-01-29
2024-01-29 11:39:00,2024-01-29 11:43:00,2024-01-29 11:48:00,C2.8,0,C,C,2024-01-29
2024-01-29 14:49:00,2024-01-29 14:56:00,2024-01-29 15:02:00,C6.0,0,C,C,2024-01-29
2024-01-29 15:24:00,2024-01-29 15:31:00,2024-01-29 15:37:00,C2.4,0,C,C,2024-01-29
2024-01-29 16:29:00,2024-01-29 16:42:00,2024-01-29 16:53:00,C5.9,0,C,C,2024-01-29
2024-01-29 17:42:00,2024-01-29 17:52:00,2024-01-29 17:59:00,C2.2,0,C,C,2024-01-29
2024-01-30 00:07:00,2024-01-30 00:16:00,2024-01-30 00:22:00,C1.9,0,C,C,2024-01-30
2024-01-30 02:50:00,2024-01-30 02:56:00,2024-01-30 03:03:00,C1.4,0,C,C,2024-01-30
2024-01-30 06:18:00,2024-01-30 06:25:00,2024-01-30 06:31:00,C1.4,0,C,C,2024-01-30
2024-01-30 06:33:00,2024-01-30 06:41:00,2024-01-30 06:45:00,C2.0,0,C,C,2024-01-30
2024-01-30 09:47:00,2024-01-30 09:55:00,2024-01-30 10:00:00,C1.2,0,C,C,2024-01-30
2024-01-30 14:45:00,2024-01-30 14:50:00,2024-01-30 14:54:00,C1.3,0,C,C,2024-01-30
2024-01-30 15:58:00,2024-01-30 16:02:00,2024-01-30 16:07:00,C1.7,0,C,C,2024-01-30
2024-01-30 17:15:00,2024-01-30 17:22:00,2024-01-30 17:26:00,C1.4,0,C,C,2024-01-30
2024-01-30 17:34:00,2024-01-30 17:40:00,2024-01-30 17:48:00,C5.7,0,C,C,2024-01-30
2024-01-31 05:19:00,2024-01-31 05:26:00,2024-01-31 05:34:00,C1.9,0,C,C,2024-01-31
2024-01-31 06:27:00,2024-01-31 06:31:00,2024-01-31 06:35:00,C3.2,0,C,C,2024-01-31
2024-01-31 08:16:00,2024-01-31 08:29:00,2024-01-31 08:38:00,C4.5,13567,C,C,2024-01-31
2024-01-31 09:38:00,2024-01-31 09:44:00,2024-01-31 09:51:00,C1.6,0,C,C,2024-01-31
2024-01-31 10:59:00,2024-01-31 11:08:00,2024-01-31 11:21:00,C1.3,0,C,C,2024-01-31
2024-01-31 12:05:00,2024-01-31 12:18:00,2024-01-31 12:29:00,C1.4,0,C,C,2024-01-31
2024-01-31 13:10:00,2024-01-31 13:22:00,2024-01-31 13:33:00,C1.7,0,C,C,2024-01-31
2024-01-31 13:40:00,2024-01-31 13:45:00,2024-01-31 13:50:00,C2.3,0,C,C,2024-01-31
2024-02-01 03:48:00,2024-02-01 03:57:00,2024-02-01 04:07:00,C1.4,0,C,C,2024-02-01
2024-02-01 06:36:00,2024-02-01 07:43:00,2024-02-01 08:48:00,C3.0,0,C,C,2024-02-01
2024-02-01 14:38:00,2024-02-01 14:48:00,2024-02-01 14:55:00,C1.6,0,C,C,2024-02-01
2024-02-01 14:57:00,2024-02-01 15:00:00,2024-02-01 15:04:00,C2.5,0,C,C,2024-02-01
2024-02-01 18:47:00,2024-02-01 18:52:00,2024-02-01 19:00:00,C1.3,0,C,C,2024-02-01
2024-02-02 02:52:00,2024-02-02 03:01:00,2024-02-02 03:05:00,M1.1,0,M,M,2024-02-02
2024-02-02 05:20:00,2024-02-02 05:30:00,2024-02-02 05:38:00,C3.2,0,C,C,2024-02-02
2024-02-02 08:14:00,2024-02-02 08:19:00,2024-02-02 08:25:00,C1.7,0,C,C,2024-02-02
2024-02-02 10:48:00,2024-02-02 10:57:00,2024-02-02 11:03:00,C5.6,0,C,C,2024-02-02
2024-02-02 11:16:00,2024-02-02 11:35:00,2024-02-02 12:02:00,C6.5,0,C,C,2024-02-02
2024-02-02 15:25:00,2024-02-02 15:34:00,2024-02-02 15:39:00,C3.0,0,C,C,2024-02-02
2024-02-02 16:22:00,2024-02-02 16:32:00,2024-02-02 16:38:00,C3.1,0,C,C,2024-02-02
2024-02-03 00:54:00,2024-02-03 01:05:00,2024-02-03 01:23:00,C3.1,0,C,C,2024-02-03
2024-02-03 01:38:00,2024-02-03 02:03:00,2024-02-03 02:22:00,C4.7,0,C,C,2024-02-03
2024-02-03 05:31:00,2024-02-03 05:54:00,2024-02-03 06:23:00,C7.7,0,C,C,2024-02-03
2024-02-03 10:33:00,2024-02-03 10:47:00,2024-02-03 10:54:00,C5.8,0,C,C,2024-02-03
2024-02-03 11:22:00,2024-02-03 11:33:00,2024-02-03 11:44:00,C3.7,0,C,C,2024-02-03
2024-02-03 12:44:00,2024-02-03 12:48:00,2024-02-03 12:53:00,C4.3,0,C,C,2024-02-03
2024-02-03 13:03:00,2024-02-03 13:06:00,2024-02-03 13:11:00,C3.1,0,C,C,2024-02-03
2024-02-03 14:06:00,2024-02-03 14:14:00,2024-02-03 14:22:00,C2.2,0,C,C,2024-02-03
2024-02-03 15:19:00,2024-02-03 15:25:00,2024-02-03 15:29:00,C3.1,0,C,C,2024-02-03
2024-02-03 17:46:00,2024-02-03 17:56:00,2024-02-03 18:00:00,C4.4,0,C,C,2024-02-03
2024-02-03 19:41:00,2024-02-03 19:48:00,2024-02-03 19:53:00,C4.0,0,C,C,2024-02-03
2024-02-04 01:12:00,2024-02-04 01:17:00,2024-02-04 01:21:00,C3.6,0,C,C,2024-02-04
2024-02-04 02:20:00,2024-02-04 02:27:00,2024-02-04 02:31:00,C3.3,0,C,C,2024-02-04
2024-02-04 06:48:00,2024-02-04 07:01:00,2024-02-04 07:06:00,C3.7,0,C,C,2024-02-04
2024-02-04 07:14:00,2024-02-04 07:16:00,2024-02-04 07:20:00,C3.9,0,C,C,2024-02-04
2024-02-04 07:24:00,2024-02-04 07:34:00,2024-02-04 07:47:00,C4.8,0,C,C,2024-02-04
2024-02-04 08:16:00,2024-02-04 08:21:00,2024-02-04 08:25:00,C3.9,0,C,C,2024-02-04
2024-02-04 11:40:00,2024-02-04 11:53:00,2024-02-04 12:08:00,M1.4,0,M,M,2024-02-04
2024-02-04 13:39:00,2024-02-04 13:46:00,2024-02-04 13:54:00,C8.4,0,C,C,2024-02-04
2024-02-04 15:08:00,2024-02-04 15:16:00,2024-02-04 15:22:00,C4.3,0,C,C,2024-02-04
2024-02-04 15:49:00,2024-02-04 15:57:00,2024-02-04 16:08:00,C6.0,0,C,C,2024-02-04
2024-02-04 16:08:00,2024-02-04 16:13:00,2024-02-04 16:22:00,C5.6,0,C,C,2024-02-04
2024-02-04 16:22:00,2024-02-04 16:38:00,2024-02-04 16:46:00,M1.5,0,M,M,2024-02-04
2024-02-04 17:05:00,2024-02-04 17:12:00,2024-02-04 17:19:00,M1.3,0,M,M,2024-02-04
2024-02-04 18:16:00,2024-02-04 18:29:00,2024-02-04 18:43:00,M1.1,0,M,M,2024-02-04
2024-02-04 20:08:00,2024-02-04 20:13:00,2024-02-04 20:16:00,C3.6,0,C,C,2024-02-04
2024-02-04 20:16:00,2024-02-04 20:19:00,2024-02-04 20:24:00,C4.4,0,C,C,2024-02-04
2024-02-04 20:52:00,2024-02-04 20:57:00,2024-02-04 21:01:00,M1.2,0,M,M,2024-02-04
2024-02-04 22:20:00,2024-02-04 22:28:00,2024-02-04 22:34:00,M2.1,0,M,M,2024-02-04
2024-02-04 22:34:00,2024-02-04 22:37:00,2024-02-04 22:42:00,M2.7,0,M,M,2024-02-04
2024-02-05 01:47:00,2024-02-05 01:55:00,2024-02-05 02:07:00,C3.2,0,C,C,2024-02-05
2024-02-05 02:10:00,2024-02-05 02:17:00,2024-02-05 02:22:00,C3.9,0,C,C,2024-02-05
2024-02-05 03:15:00,2024-02-05 03:29:00,2024-02-05 03:35:00,C8.8,0,C,C,2024-02-05
2024-02-05 04:13:00,2024-02-05 04:28:00,2024-02-05 04:44:00,M2.1,0,M,M,2024-02-05
2024-02-05 06:10:00,2024-02-05 06:22:00,2024-02-05 06:26:00,M1.4,0,M,M,2024-02-05
2024-02-05 07:28:00,2024-02-05 07:44:00,2024-02-05 07:48:00,C4.6,0,C,C,2024-02-05
2024-02-05 07:48:00,2024-02-05 08:02:00,2024-02-05 08:14:00,C6.9,0,C,C,2024-02-05
2024-02-05 10:53:00,2024-02-05 11:09:00,2024-02-05 11:17:00,C9.6,0,C,C,2024-02-05
2024-02-05 12:59:00,2024-02-05 13:19:00,2024-02-05 13:32:00,C6.3,0,C,C,2024-02-05
2024-02-05 14:11:00,2024-02-05 14:19:00,2024-02-05 14:25:00,C3.6,0,C,C,2024-02-05
2024-02-05 17:16:00,2024-02-05 17:27:00,2024-02-05 17:40:00,C3.8,0,C,C,2024-02-05
2024-02-05 21:48:00,2024-02-05 21:57:00,2024-02-05 22:04:00,C2.6,0,C,C,2024-02-05
2024-02-05 23:02:00,2024-02-05 23:15:00,2024-02-05 23:30:00,C6.1,0,C,C,2024-02-05
2024-02-06 02:15:00,2024-02-06 02:28:00,2024-02-06 02:37:00,M2.2,0,M,M,2024-02-06
2024-02-06 02:37:00,2024-02-06 03:12:00,2024-02-06 03:37:00,M4.2,0,M,M,2024-02-06
2024-02-06 11:37:00,2024-02-06 11:45:00,2024-02-06 11:49:00,C4.5,0,C,C,2024-02-06
2024-02-06 12:48:00,2024-02-06 12:58:00,2024-02-06 13:06:00,C9.4,0,C,C,2024-02-06
2024-02-06 15:47:00,2024-02-06 16:14:00,2024-02-06 16:26:00,C5.1,0,C,C,2024-02-06
2024-02-06 17:37:00,2024-02-06 17:44:00,2024-02-06 17:50:00,C3.2,0,C,C,2024-02-06
2024-02-06 18:19:00,2024-02-06 18:35:00,2024-02-06 18:38:00,C6.2,0,C,C,2024-02-06
2024-02-06 18:38:00,2024-02-06 18:49:00,2024-02-06 19:07:00,M1.3,0,M,M,2024-02-06
2024-02-07 00:03:00,2024-02-07 00:05:00,2024-02-07 00:09:00,C2.5,0,C,C,2024-02-07
2024-02-07 01:18:00,2024-02-07 01:24:00,2024-02-07 01:28:00,C2.5,0,C,C,2024-02-07
2024-02-07 01:51:00,2024-02-07 02:02:00,2024-02-07 02:16:00,C4.5,0,C,C,2024-02-07
2024-02-07 02:18:00,2024-02-07 02:31:00,2024-02-07 02:38:00,C8.2,0,C,C,2024-02-07
2024-02-07 03:04:00,2024-02-07 03:31:00,2024-02-07 04:11:00,M5.1,0,M,M,2024-02-07
2024-02-07 10:35:00,2024-02-07 10:43:00,2024-02-07 10:52:00,C2.8,0,C,C,2024-02-07
2024-02-07 13:17:00,2024-02-07 13:41:00,2024-02-07 14:15:00,C4.9,0,C,C,2024-02-07
2024-02-07 17:41:00,2024-02-07 18:05:00,2024-02-07 18:35:00,M1.3,0,M,M,2024-02-07
2024-02-08 01:20:00,2024-02-08 01:37:00,2024-02-08 01:58:00,C3.9,0,C,C,2024-02-08
2024-02-08 04:07:00,2024-02-08 04:14:00,2024-02-08 04:20:00,C2.2,0,C,C,2024-02-08
2024-02-08 08:37:00,2024-02-08 08:48:00,2024-02-08 08:55:00,C4.3,13576,C,C,2024-02-08
2024-02-08 10:51:00,2024-02-08 11:06:00,2024-02-08 11:25:00,C3.4,0,C,C,2024-02-08
2024-02-08 11:25:00,2024-02-08 11:40:00,2024-02-08 12:06:00,C5.3,0,C,C,2024-02-08
2024-02-08 11:44:00,2024-02-08 11:46:00,2024-02-08 11:51:00,C9.8,13576,C,C,2024-02-08
2024-02-08 12:41:00,2024-02-08 13:12:00,2024-02-08 13:37:00,M3.4,0,M,M,2024-02-08
2024-02-08 14:11:00,2024-02-08 14:18:00,2024-02-08 14:25:00,M1.2,0,M,M,2024-02-08
2024-02-08 15:17:00,2024-02-08 15:23:00,2024-02-08 15:27:00,M1.8,0,M,M,2024-02-08
2024-02-08 16:12:00,2024-02-08 16:21:00,2024-02-08 16:28:00,C6.1,0,C,C,2024-02-08
2024-02-08 16:56:00,2024-02-08 17:07:00,2024-02-08 17:11:00,C7.0,0,C,C,2024-02-08
2024-02-08 17:56:00,2024-02-08 18:03:00,2024-02-08 18:08:00,C2.7,0,C,C,2024-02-08
2024-02-08 18:56:00,2024-02-08 19:02:00,2024-02-08 19:06:00,M1.3,0,M,M,2024-02-08
2024-02-08 22:13:00,2024-02-08 22:21:00,2024-02-08 22:30:00,C2.6,0,C,C,2024-02-08
2024-02-08 23:16:00,2024-02-08 23:55:00,2024-02-09 00:36:00,M3.9,0,M,M,2024-02-08
2024-02-08 23:16:00,2024-02-08 23:55:00,2024-02-09 00:36:00,M3.9,0,M,M,2024-02-08
2024-02-09 00:36:00,2024-02-09 00:41:00,2024-02-09 00:45:00,M3.1,0,M,M,2024-02-09
2024-02-09 02:13:00,2024-02-09 02:25:00,2024-02-09 02:32:00,C6.6,0,C,C,2024-02-09
2024-02-09 06:18:00,2024-02-09 06:29:00,2024-02-09 06:33:00,C3.0,0,C,C,2024-02-09
2024-02-09 07:26:00,2024-02-09 07:31:00,2024-02-09 07:35:00,C9.4,0,C,C,2024-02-09
2024-02-09 07:52:00,2024-02-09 08:04:00,2024-02-09 08:06:00,C3.0,0,C,C,2024-02-09
2024-02-09 08:06:00,2024-02-09 08:16:00,2024-02-09 08:22:00,C5.6,13576,C,C,2024-02-09
2024-02-09 10:15:00,2024-02-09 10:21:00,2024-02-09 10:29:00,C6.2,0,C,C,2024-02-09
2024-02-09 12:22:00,2024-02-09 12:28:00,2024-02-09 12:36:00,C1.7,0,C,C,2024-02-09
2024-02-09 12:53:00,2024-02-09 13:14:00,2024-02-09 13:32:00,X3.3,0,X,X,2024-02-09
2024-02-09 17:54:00,2024-02-09 18:00:00,2024-02-09 18:07:00,M1.2,0,M,M,2024-02-09
2024-02-09 23:58:00,2024-02-10 00:07:00,2024-02-10 00:14:00,C3.9,0,C,C,2024-02-10
2024-02-09 23:58:00,2024-02-10 00:07:00,2024-02-10 00:14:00,C3.9,0,C,C,2024-02-10
2024-02-10 00:36:00,2024-02-10 00:40:00,2024-02-10 00:42:00,C2.4,0,C,C,2024-02-10
2024-02-10 00:42:00,2024-02-10 00:51:00,2024-02-10 01:00:00,M1.5,0,M,M,2024-02-10
2024-02-10 02:09:00,2024-02-10 02:14:00,2024-02-10 02:18:00,C2.5,0,C,C,2024-02-10
2024-02-10 03:04:00,2024-02-10 03:54:00,2024-02-10 04:29:00,M3.4,0,M,M,2024-02-10
2024-02-10 06:44:00,2024-02-10 06:52:00,2024-02-10 06:59:00,C7.4,0,C,C,2024-02-10
2024-02-10 06:59:00,2024-02-10 07:33:00,2024-02-10 07:42:00,C7.6,0,C,C,2024-02-10
2024-02-10 07:42:00,2024-02-10 07:46:00,2024-02-10 07:51:00,C8.1,0,C,C,2024-02-10
2024-02-10 09:32:00,2024-02-10 09:51:00,2024-02-10 09:59:00,C8.7,0,C,C,2024-02-10
2024-02-10 18:11:00,2024-02-10 18:21:00,2024-02-10 18:26:00,C6.1,0,C,C,2024-02-10
2024-02-10 20:41:00,2024-02-10 20:49:00,2024-02-10 20:57:00,C2.7,0,C,C,2024-02-10
2024-02-10 21:02:00,2024-02-10 21:08:00,2024-02-10 21:12:00,C2.8,0,C,C,2024-02-10
2024-02-10 22:41:00,2024-02-10 22:49:00,2024-02-10 22:54:00,C3.2,0,C,C,2024-02-10
2024-02-10 22:56:00,2024-02-10 23:07:00,2024-02-10 23:14:00,M9.0,0,M,M,2024-02-10
2024-02-10 23:55:00,2024-02-11 00:03:00,2024-02-11 00:11:00,C8.7,0,C,C,2024-02-11
2024-02-10 23:55:00,2024-02-11 00:03:00,2024-02-11 00:11:00,C8.7,0,C,C,2024-02-11
2024-02-11 00:33:00,2024-02-11 00:38:00,2024-02-11 00:45:00,C7.3,0,C,C,2024-02-11
2024-02-11 01:50:00,2024-02-11 01:54:00,2024-02-11 01:58:00,C3.3,0,C,C,2024-02-11
2024-02-11 08:36:00,2024-02-11 08:46:00,2024-02-11 09:01:00,C4.7,0,C,C,2024-02-11
2024-02-11 13:56:00,2024-02-11 14:05:00,2024-02-11 14:13:00,C2.9,0,C,C,2024-02-11
2024-02-11 17:17:00,2024-02-11 17:25:00,2024-02-11 17:44:00,C3.5,0,C,C,2024-02-11
2024-02-11 19:57:00,2024-02-11 20:03:00,2024-02-11 20:09:00,C3.1,0,C,C,2024-02-11
2024-02-11 22:35:00,2024-02-11 22:45:00,2024-02-11 22:50:00,M1.0,0,M,M,2024-02-11
2024-02-11 23:50:00,2024-02-11 23:58:00,2024-02-12 00:04:00,C2.3,0,C,C,2024-02-11
2024-02-11 23:50:00,2024-02-11 23:58:00,2024-02-12 00:04:00,C2.3,0,C,C,2024-02-11
2024-02-12 01:35:00,2024-02-12 01:40:00,2024-02-12 01:45:00,C5.9,0,C,C,2024-02-12
2024-02-12 01:45:00,2024-02-12 01:51:00,2024-02-12 01:57:00,C6.3,0,C,C,2024-02-12
2024-02-12 03:23:00,2024-02-12 03:48:00,2024-02-12 03:53:00,M6.5,0,M,M,2024-02-12
2024-02-12 05:43:00,2024-02-12 05:54:00,2024-02-12 06:10:00,C6.9,13576,C,C,2024-02-12
2024-02-12 07:11:00,2024-02-12 07:15:00,2024-02-12 07:28:00,C2.1,0,C,C,2024-02-12
2024-02-12 10:56:00,2024-02-12 11:12:00,2024-02-12 11:20:00,C3.8,0,C,C,2024-02-12
2024-02-12 11:20:00,2024-02-12 11:26:00,2024-02-12 11:31:00,C3.8,0,C,C,2024-02-12
2024-02-12 12:34:00,2024-02-12 12:41:00,2024-02-12 12:50:00,C4.0,0,C,C,2024-02-12
2024-02-12 12:50:00,2024-02-12 13:08:00,2024-02-12 13:21:00,M1.1,0,M,M,2024-02-12
2024-02-12 14:22:00,2024-02-12 14:29:00,2024-02-12 14:35:00,C4.5,0,C,C,2024-02-12
2024-02-12 15:31:00,2024-02-12 15:48:00,2024-02-12 16:03:00,M1.4,0,M,M,2024-02-12
2024-02-12 20:35:00,2024-02-12 21:17:00,2024-02-12 21:51:00,M2.6,0,M,M,2024-02-12
2024-02-13 01:32:00,2024-02-13 01:38:00,2024-02-13 01:45:00,C4.9,0,C,C,2024-02-13
2024-02-13 07:28:00,2024-02-13 07:59:00,2024-02-13 08:16:00,C5.0,0,C,C,2024-02-13
2024-02-13 12:12:00,2024-02-13 12:19:00,2024-02-13 12:23:00,C3.1,0,C,C,2024-02-13
2024-02-13 13:05:00,2024-02-13 13:12:00,2024-02-13 13:29:00,C1.8,0,C,C,2024-02-13
2024-02-13 16:56:00,2024-02-13 17:06:00,2024-02-13 17:14:00,C3.1,0,C,C,2024-02-13
2024-02-13 19:49:00,2024-02-13 19:57:00,2024-02-13 20:09:00,C3.3,0,C,C,2024-02-13
2024-02-14 00:47:00,2024-02-14 00:59:00,2024-02-14 01:26:00,C2.5,0,C,C,2024-02-14
2024-02-14 01:26:00,2024-02-14 01:31:00,2024-02-14 01:35:00,C2.2,0,C,C,2024-02-14
2024-02-14 02:07:00,2024-02-14 02:11:00,2024-02-14 02:15:00,C2.5,0,C,C,2024-02-14
2024-02-14 03:02:00,2024-02-14 03:10:00,2024-02-14 03:23:00,M1.0,0,M,M,2024-02-14
2024-02-14 06:12:00,2024-02-14 06:26:00,2024-02-14 06:37:00,C3.0,13584,C,C,2024-02-14
2024-02-14 06:49:00,2024-02-14 06:54:00,2024-02-14 06:59:00,C3.6,0,C,C,2024-02-14
2024-02-14 07:26:00,2024-02-14 07:35:00,2024-02-14 07:42:00,M1.0,13576,M,M,2024-02-14
2024-02-14 08:37:00,2024-02-14 08:44:00,2024-02-14 09:00:00,C2.4,13584,C,C,2024-02-14
2024-02-14 09:16:00,2024-02-14 09:26:00,2024-02-14 09:31:00,C2.6,0,C,C,2024-02-14
2024-02-14 09:54:00,2024-02-14 10:06:00,2024-02-14 10:12:00,C4.6,13576,C,C,2024-02-14
2024-02-14 10:25:00,2024-02-14 10:29:00,2024-02-14 10:34:00,C2.8,0,C,C,2024-02-14
2024-02-14 14:26:00,2024-02-14 14:31:00,2024-02-14 14:37:00,C3.8,0,C,C,2024-02-14
2024-02-14 14:49:00,2024-02-14 14:54:00,2024-02-14 14:59:00,C2.6,0,C,C,2024-02-14
2024-02-14 15:15:00,2024-02-14 15:19:00,2024-02-14 15:23:00,C3.4,13576,C,C,2024-02-14
2024-02-14 16:01:00,2024-02-14 16:07:00,2024-02-14 16:15:00,C3.0,0,C,C,2024-02-14
2024-02-14 17:53:00,2024-02-14 17:56:00,2024-02-14 18:03:00,C7.5,0,C,C,2024-02-14
2024-02-14 20:20:00,2024-02-14 20:28:00,2024-02-14 20:34:00,C2.5,0,C,C,2024-02-14
2024-02-15 00:08:00,2024-02-15 00:18:00,2024-02-15 00:44:00,C2.8,0,C,C,2024-02-15
2024-02-15 00:44:00,2024-02-15 00:51:00,2024-02-15 00:59:00,C3.8,0,C,C,2024-02-15
2024-02-15 02:26:00,2024-02-15 02:35:00,2024-02-15 02:41:00,C2.9,0,C,C,2024-02-15
2024-02-15 03:34:00,2024-02-15 03:40:00,2024-02-15 03:44:00,C2.4,0,C,C,2024-02-15
2024-02-15 05:12:00,2024-02-15 05:20:00,2024-02-15 05:29:00,C2.1,0,C,C,2024-02-15
2024-02-15 05:29:00,2024-02-15 05:33:00,2024-02-15 05:36:00,C3.1,0,C,C,2024-02-15
2024-02-15 05:36:00,2024-02-15 05:40:00,2024-02-15 05:44:00,C4.0,0,C,C,2024-02-15
2024-02-15 07:42:00,2024-02-15 08:11:00,2024-02-15 08:33:00,C5.1,0,C,C,2024-02-15
2024-02-15 09:51:00,2024-02-15 09:58:00,2024-02-15 10:02:00,C2.4,0,C,C,2024-02-15
2024-02-15 10:08:00,2024-02-15 10:24:00,2024-02-15 10:53:00,C4.5,0,C,C,2024-02-15
2024-02-15 11:09:00,2024-02-15 11:13:00,2024-02-15 11:17:00,C3.3,0,C,C,2024-02-15
2024-02-15 11:39:00,2024-02-15 11:42:00,2024-02-15 11:51:00,C2.7,0,C,C,2024-02-15
2024-02-15 12:09:00,2024-02-15 12:16:00,2024-02-15 12:21:00,C2.6,0,C,C,2024-02-15
2024-02-15 12:47:00,2024-02-15 12:50:00,2024-02-15 12:55:00,C2.7,0,C,C,2024-02-15
2024-02-15 14:46:00,2024-02-15 14:56:00,2024-02-15 15:13:00,C4.3,0,C,C,2024-02-15
2024-02-15 15:13:00,2024-02-15 15:20:00,2024-02-15 15:25:00,C4.7,13576,C,C,2024-02-15
2024-02-15 16:50:00,2024-02-15 17:07:00,2024-02-15 17:21:00,M1.8,0,M,M,2024-02-15
2024-02-16 01:58:00,2024-02-16 02:04:00,2024-02-16 02:09:00,C3.2,0,C,C,2024-02-16
2024-02-16 02:39:00,2024-02-16 02:51:00,2024-02-16 02:57:00,M1.5,0,M,M,2024-02-16
2024-02-16 06:42:00,2024-02-16 06:53:00,2024-02-16 06:58:00,X2.5,0,X,X,2024-02-16
2024-02-16 16:15:00,2024-02-16 16:36:00,2024-02-16 16:56:00,C6.1,0,C,C,2024-02-16
2024-02-17 03:19:00,2024-02-17 03:23:00,2024-02-17 03:27:00,C2.3,0,C,C,2024-02-17
2024-02-17 05:44:00,2024-02-17 05:59:00,2024-02-17 06:27:00,C5.2,0,C,C,2024-02-17
2024-02-17 09:37:00,2024-02-17 10:35:00,2024-02-17 11:06:00,C5.5,13583,C,C,2024-02-17
2024-02-17 12:24:00,2024-02-17 12:36:00,2024-02-17 12:54:00,C2.9,0,C,C,2024-02-17
